CÓD. AGENTE,FORNECEDOR,MÉDIA IQF,DATA
17492, COMERCIAL DINA-MIX LTDA,100,2025-04-11 00:00:00
21068, GOMES COMERCIAL SHOP LTDA,100,2025-04-24 00:00:00
16721,12A COMERCIO E LOCACOES DE FERRAMENTAS LTDA,100,2025-04-07 13:54:57
16721,12A COMERCIO E LOCACOES DE FERRAMENTAS LTDA,100,2025-04-08 13:34:45
16721,12A COMERCIO E LOCACOES DE FERRAMENTAS LTDA,100,2025-04-24 00:00:00
3146,1TELECOM SERVICOS DE TECNOLOGIA EM INTERNET LTDA,100,2025-04-30 00:00:00
18294,24.374.799 ALEXANDRE CORREIA DA SILVA,100,2025-04-08 00:00:00
20858,45.272.679 LUCINEIA MARTINS,80,2025-04-04 16:07:23
18805,47.434.093 MARIA ANGELA SILVA DE ARAUJO,100,2025-04-01 00:00:00
3834,5 RS SOLUCOES AMBIENTAIS DE COM ATACADISTA E COLETA DE RESIDUOS IND LTDA,100,2025-04-04 00:00:00
21034,50.978.515 JOSE MARIA SOUZA GARCIA,100,2025-04-03 00:00:00
18242,51.894.695 EVANDRO CARLOS COSTA,100,2025-04-30 00:00:00
18417,53.352.094 MARCIA DRUMOND DOS SANTOS SENA,80,2025-04-24 00:00:00
17850,54.669.089 ELENILDA OLIVEIRA DA SILVA JOAQUIM,100,2025-04-28 00:00:00
18864,55.386.322 ELIELSON JOSE DO NASCIMENTO,100,2025-04-24 00:00:00
20757,57.127.773 ANDREY MECENI,100,2025-04-16 00:00:00
21003,59.701.499 EDMILSON JOSE DE LIMA JUNIOR,100,2025-04-02 00:00:00
21042,60.236.223 JOAO PAULO DIAS OLIVEIRA,100,2025-04-23 16:31:34
21042,60.236.223 JOAO PAULO DIAS OLIVEIRA,100,2025-04-30 00:00:00
19023,A GERADORA ALUGUEL DE MÁQUINAS S.A.,80,2025-04-16 00:00:00
19023,A GERADORA ALUGUEL DE MÁQUINAS S.A.,80,2025-04-25 00:00:00
17670,A. B. SITTA,100,2025-04-30 14:51:54
3392,A.M DE SOUZA GOMES COMERCIO DE FERRAMENTAS LTDA,85,2025-04-30 00:00:00
2898,A.M.S. ASSISTENCIA MEDICA E SAUDE LTDA ME,97.5,2025-04-23 00:00:00
4424,A.N.T. FERRAMENTAS - COMERCIAL E IMPORTADORA LTDA,100,2025-04-23 14:11:20
4424,A.N.T. FERRAMENTAS - COMERCIAL E IMPORTADORA LTDA,100,2025-04-23 14:21:38
16726,A.R.S. SUPRIMENTOS INDUSTRIAIS LTDA,100,2025-04-10 10:13:32
20146,A.S.SIMOES DA SILVEIRA,100,2025-04-30 00:00:00
8157,ABECOM ROLAMENTOS E PRODUTOS DE BORRACHA LTDA.,100,2025-04-02 00:00:00
8157,ABECOM ROLAMENTOS E PRODUTOS DE BORRACHA LTDA.,100,2025-04-07 00:00:00
8157,ABECOM ROLAMENTOS E PRODUTOS DE BORRACHA LTDA.,100,2025-04-16 13:38:39
8157,ABECOM ROLAMENTOS E PRODUTOS DE BORRACHA LTDA.,100,2025-04-16 13:41:16
8157,ABECOM ROLAMENTOS E PRODUTOS DE BORRACHA LTDA.,100,2025-04-23 13:34:56
8157,ABECOM ROLAMENTOS E PRODUTOS DE BORRACHA LTDA.,100,2025-04-28 00:00:00
8157,ABECOM ROLAMENTOS E PRODUTOS DE BORRACHA LTDA.,100,2025-04-28 09:18:43
8157,ABECOM ROLAMENTOS E PRODUTOS DE BORRACHA LTDA.,100,2025-04-29 15:43:08
8157,ABECOM ROLAMENTOS E PRODUTOS DE BORRACHA LTDA.,100,2025-04-30 00:00:00
8157,ABECOM ROLAMENTOS E PRODUTOS DE BORRACHA LTDA.,100,2025-04-30 10:50:07
3722,ABRASEG COMERCIO ATACADISTA E IMPORTACAO LTDA,79.37,2025-04-30 00:00:00
4264,ABRASUL ABRASIVO EPI SOLDASLTDA,100,2025-04-24 00:00:00
4264,ABRASUL ABRASIVO EPI SOLDASLTDA,88.75,2025-04-24 10:45:53
4264,ABRASUL ABRASIVO EPI SOLDASLTDA,100,2025-04-24 11:00:08
4264,ABRASUL ABRASIVO EPI SOLDASLTDA,100,2025-04-24 11:26:21
4264,ABRASUL ABRASIVO EPI SOLDASLTDA,61.87,2025-04-28 09:35:30
4264,ABRASUL ABRASIVO EPI SOLDASLTDA,87.655,2025-04-30 00:00:00
3641,ABRASUL ABRASIVOS EPI - SOLDAS ITDA ME,94.37,2025-04-17 10:04:32
3641,ABRASUL ABRASIVOS EPI - SOLDAS ITDA ME,94.37,2025-04-17 10:12:11
3641,ABRASUL ABRASIVOS EPI - SOLDAS ITDA ME,83.12,2025-04-24 11:12:30
3641,ABRASUL ABRASIVOS EPI - SOLDAS ITDA ME,86.87,2025-04-28 11:51:42
16042,ABREU E MOTHE HOTEIS LTDA,75.62,2025-04-30 00:00:00
6393,ACIOMEC EMBALAGENS LTDA,100,2025-04-08 14:05:52
17951,AÇOS VITAL COMÉRCIO DE TUBOS HIDRÁULICOS LTDA,70.41333333333334,2025-04-30 00:00:00
3810,ACT INTERNET LTDA,90,2025-04-10 00:00:00
3810,ACT INTERNET LTDA,84.37,2025-04-28 00:00:00
16913,AFA LOCACOES LTDA,80,2025-04-03 00:00:00
7794,AFIXGRAF COMERCIO DE PRODUTOS GRAFICOS LTDA,80,2025-04-29 17:22:43
3707,AGMOV SUPRIMENTOS INDUSTRIAIS LTDA,80,2025-04-30 16:27:22
19576,AIR LIQUIDE BRASIL LTDA,100,2025-04-28 00:00:00
7625,ALBS LOGISTICA E SERVICOS LTDA,97.5,2025-04-07 00:00:00
15955,ALEGRIA DISTRIBUIDORA LTDA,100,2025-04-07 00:00:00
3086,ALELO S/A,80,2025-04-07 00:00:00
3086,ALELO S/A,100,2025-04-09 00:00:00
17764,ALEX TELLES LTDA,80,2025-04-25 00:00:00
15912,ALGAR TELECOM S/A,100,2025-04-08 00:00:00
15912,ALGAR TELECOM S/A,100,2025-04-11 00:00:00
3744,ALMEQ SERVICOS TECNICOS INDUSTRIAIS LTDA,100,2025-04-23 00:00:00
18352,ALTERNATIVA INDUSTRIA E COMERCIO DE FIXADORES LTDA,74.37,2025-04-28 10:20:57
18352,ALTERNATIVA INDUSTRIA E COMERCIO DE FIXADORES LTDA,100,2025-04-30 00:00:00
4951,"AMA ESTAGIOS, TREINAMENTO E DESENVOLVIMENTO PROFISSIONAL LTDA",10,2025-04-08 00:00:00
2850,AMPLA ENERGIA E SERVICOS S/A,100,2025-04-07 00:00:00
3450,ANA BEATRIZ RODRIGUES WILLEMEN TREINAMENTOS,97.5,2025-04-23 00:00:00
8353,ANA KELLY FERNANDES TAVARES,100,2025-04-10 00:00:00
8353,ANA KELLY FERNANDES TAVARES,100,2025-04-30 00:00:00
20856,ANA MARIA DE BASTOS E SILVA GASPAROTTO,60,2025-04-16 00:00:00
16308,ANDRADE  & SANTOS LOCAÇÃO DE MÓDULOS E IMPORTAÇÃO LTDA,100,2025-04-29 00:00:00
4309,ANHANGUERA COMERCIO DE FERRAMENTAS LTDA,100,2025-04-08 14:41:09
4309,ANHANGUERA COMERCIO DE FERRAMENTAS LTDA,100,2025-04-11 15:20:40
4309,ANHANGUERA COMERCIO DE FERRAMENTAS LTDA,96.25,2025-04-23 09:36:43
17955,ANHANGUERA COMERCIO DE FERRAMENTAS LTDA,64.37,2025-04-10 10:43:06
17955,ANHANGUERA COMERCIO DE FERRAMENTAS LTDA,64.37,2025-04-10 11:03:22
17955,ANHANGUERA COMERCIO DE FERRAMENTAS LTDA,64.37,2025-04-14 10:41:13
17955,ANHANGUERA COMERCIO DE FERRAMENTAS LTDA,64.37,2025-04-14 10:50:17
17955,ANHANGUERA COMERCIO DE FERRAMENTAS LTDA,93.12,2025-04-17 16:54:40
17955,ANHANGUERA COMERCIO DE FERRAMENTAS LTDA,83.12,2025-04-28 18:01:26
17955,ANHANGUERA COMERCIO DE FERRAMENTAS LTDA,100,2025-04-28 18:08:26
17955,ANHANGUERA COMERCIO DE FERRAMENTAS LTDA,100,2025-04-29 10:00:03
17955,ANHANGUERA COMERCIO DE FERRAMENTAS LTDA,84.37,2025-04-29 11:05:48
17955,ANHANGUERA COMERCIO DE FERRAMENTAS LTDA,84.37,2025-04-29 11:32:08
17955,ANHANGUERA COMERCIO DE FERRAMENTAS LTDA,86.25,2025-04-29 11:36:35
17955,ANHANGUERA COMERCIO DE FERRAMENTAS LTDA,84.37,2025-04-29 11:47:50
17955,ANHANGUERA COMERCIO DE FERRAMENTAS LTDA,84.37,2025-04-29 11:56:16
17955,ANHANGUERA COMERCIO DE FERRAMENTAS LTDA,77.25,2025-04-30 00:00:00
17955,ANHANGUERA COMERCIO DE FERRAMENTAS LTDA,84.37,2025-04-30 08:12:49
17955,ANHANGUERA COMERCIO DE FERRAMENTAS LTDA,84.37,2025-04-30 08:18:36
17955,ANHANGUERA COMERCIO DE FERRAMENTAS LTDA,80,2025-04-30 08:34:24
17955,ANHANGUERA COMERCIO DE FERRAMENTAS LTDA,80,2025-04-30 08:37:43
17955,ANHANGUERA COMERCIO DE FERRAMENTAS LTDA,80,2025-04-30 08:55:03
17955,ANHANGUERA COMERCIO DE FERRAMENTAS LTDA,80,2025-04-30 09:01:49
17955,ANHANGUERA COMERCIO DE FERRAMENTAS LTDA,78.75,2025-04-30 10:03:08
17955,ANHANGUERA COMERCIO DE FERRAMENTAS LTDA,80,2025-04-30 10:44:02
17955,ANHANGUERA COMERCIO DE FERRAMENTAS LTDA,84.37,2025-04-30 10:48:39
18961,ANTONIO CARLOS MARIN EIRELI ME,100,2025-04-25 13:19:05
8487,APC DISTRIBUIDORA DE TINTAS LTDA,80,2025-04-03 16:37:30
8487,APC DISTRIBUIDORA DE TINTAS LTDA,80,2025-04-24 00:00:00
8508,"APEFERR COMERCIO DE FERRAMENTAS, EPIS E MAQUINAS LTDA",100,2025-04-15 18:05:24
8508,"APEFERR COMERCIO DE FERRAMENTAS, EPIS E MAQUINAS LTDA",100,2025-04-15 18:15:27
8508,"APEFERR COMERCIO DE FERRAMENTAS, EPIS E MAQUINAS LTDA",100,2025-04-30 00:00:00
16688,ARAUCLIN - MEDICINA E SEGURANCA DO TRABALHO LTDA,100,2025-04-14 00:00:00
2936,ARMAZEM  OFFSHORE DE MACAE COMERCIAL E IMPORTADORA DE EQUIPAMENTOS PARA PETROLEO LTDA,80,2025-04-14 11:23:26
2936,ARMAZEM  OFFSHORE DE MACAE COMERCIAL E IMPORTADORA DE EQUIPAMENTOS PARA PETROLEO LTDA,80,2025-04-15 00:00:00
2936,ARMAZEM  OFFSHORE DE MACAE COMERCIAL E IMPORTADORA DE EQUIPAMENTOS PARA PETROLEO LTDA,94.37,2025-04-17 09:39:39
2936,ARMAZEM  OFFSHORE DE MACAE COMERCIAL E IMPORTADORA DE EQUIPAMENTOS PARA PETROLEO LTDA,94.37,2025-04-17 10:18:22
2936,ARMAZEM  OFFSHORE DE MACAE COMERCIAL E IMPORTADORA DE EQUIPAMENTOS PARA PETROLEO LTDA,92.5,2025-04-17 11:41:27
2936,ARMAZEM  OFFSHORE DE MACAE COMERCIAL E IMPORTADORA DE EQUIPAMENTOS PARA PETROLEO LTDA,94.37,2025-04-28 11:20:14
2936,ARMAZEM  OFFSHORE DE MACAE COMERCIAL E IMPORTADORA DE EQUIPAMENTOS PARA PETROLEO LTDA,90.62,2025-04-29 08:38:29
2936,ARMAZEM  OFFSHORE DE MACAE COMERCIAL E IMPORTADORA DE EQUIPAMENTOS PARA PETROLEO LTDA,89.02777777777777,2025-04-30 00:00:00
15668,ARMAZEM CORAL LTDA,100,2025-04-03 12:10:29
15668,ARMAZEM CORAL LTDA,100,2025-04-03 17:09:42
15668,ARMAZEM CORAL LTDA,100,2025-04-17 15:50:42
15668,ARMAZEM CORAL LTDA,100,2025-04-29 09:42:12
15668,ARMAZEM CORAL LTDA,100,2025-04-29 13:25:24
15668,ARMAZEM CORAL LTDA,100,2025-04-30 00:00:00
20334,ART FABRIL CONFECCOES DE BOLSAS LTDA.,80.31,2025-04-30 00:00:00
16165,ARTE & SABER,100,2025-04-14 09:20:54
16165,ARTE & SABER,100,2025-04-30 00:00:00
16059,ATACADAO MASTERPRINT LTDA,100,2025-04-23 15:30:00
2819,ATACADO GERAL SEQUEIRA FERRAMENTAS LTDA,100,2025-04-08 14:24:12
2819,ATACADO GERAL SEQUEIRA FERRAMENTAS LTDA,100,2025-04-11 00:00:00
15863,ATLANTICA HOTELS INTERNATIONAL BRASIL LTDA,100,2025-04-14 00:00:00
15863,ATLANTICA HOTELS INTERNATIONAL BRASIL LTDA,100,2025-04-14 15:40:03
15863,ATLANTICA HOTELS INTERNATIONAL BRASIL LTDA,93.33333333333333,2025-04-30 00:00:00
20329,ATUAL GESTAO DE SERVICOS TERCEIRIZADOS LTDA,100,2025-04-02 00:00:00
20925,AUSTRAL SEGURADORA S.A.,90,2025-04-17 00:00:00
18670,AUTO POSTO KRON LTDA,98.75,2025-04-08 15:17:28
18670,AUTO POSTO KRON LTDA,100,2025-04-23 00:00:00
16925,AUTO POSTO PRINCIPAL LTDA,100,2025-04-08 13:21:13
16925,AUTO POSTO PRINCIPAL LTDA,100,2025-04-16 11:14:03
16925,AUTO POSTO PRINCIPAL LTDA,100,2025-04-23 09:16:35
16925,AUTO POSTO PRINCIPAL LTDA,100,2025-04-29 08:30:47
3623,AUTO VIACAO 1001 LTDA,91.87,2025-04-30 00:00:00
21128,AVIAT CARGO EXPRESS TRANSPORTES LTDA,100,2025-04-30 00:00:00
20795,AVLA SEGUROS BRASIL S.A.,100,2025-04-24 00:00:00
19094,AZEPLAST INDUSTRIA E COMERCIO LTDA,81.25,2025-04-30 12:05:20
4941,BAMAQ SA BANDEIRANTES MAQUINAS E EQUIPAMENTOS,100,2025-04-30 00:00:00
15695,BARRA BONITA SHOPPING EMPREENDIMENTOS E PARTICIPACOES LTDA.,100,2025-04-23 00:00:00
15695,BARRA BONITA SHOPPING EMPREENDIMENTOS E PARTICIPACOES LTDA.,100,2025-04-24 00:00:00
15878,"BERGAMIN, FRANCA & CIA LTDA",100,2025-04-10 00:00:00
17818,BIOAGRI LABORATORIOS LTDA,100,2025-04-30 00:00:00
20963,BLEST COMERCIO DE COMPONENTES ELETRONICOS LTDA,100,2025-04-09 16:12:01
18787,BMF SOLUCOES TECNICAS E SERVICOS DE ENGENHARIA LTDA,100,2025-04-24 00:00:00
2536,BOA PRAÇA EPI,80,2025-04-25 00:00:00
2536,BOA PRAÇA EPI,88.75,2025-04-28 11:14:53
2536,BOA PRAÇA EPI,92.5,2025-04-29 08:43:41
2536,BOA PRAÇA EPI,88.75,2025-04-30 00:00:00
4718,BONJOUR HOTEL EIRELI,80,2025-04-08 00:00:00
15979,BORIAN COMERCIO DE CONFECCOES E ACESSORIOS LTDA,90.62,2025-04-30 00:00:00
16817,BR AUTO PECAS E SERVICOS LTDA,100,2025-04-30 00:00:00
16835,BR COMERCIO DE PECAS E SERVICOS DE MANUTENCAO EM TRATORES,100,2025-04-29 14:28:58
19667,BRASIL MIX EPI E FERRAMENTAS LTDA,90,2025-04-30 00:00:00
15684,BRAZIL PANOS LTDA,100,2025-04-10 16:26:10
19233,BRINGER DO BRASIL AGENCIAMENTO DE CARGAS NACIONAIS E INTERNACIONAIS LTDA,96.25,2025-04-10 00:00:00
21118,BRINGER DO BRASIL AGENCIAMENTO DE CARGAS NACIONAIS E INTERNACIONAIS LTDA,100,2025-04-17 00:00:00
21118,BRINGER DO BRASIL AGENCIAMENTO DE CARGAS NACIONAIS E INTERNACIONAIS LTDA,92.5,2025-04-30 00:00:00
21295,BRINGER DO BRASIL AGENCIAMENTO DE CARGAS NACIONAIS E INTERNACIONAIS LTDA,38.12,2025-04-30 00:00:00
20024,BRUXAXA - INDUSTRIA E COMERCIO DE VASSOURAS E UTENSILIOS LTDA,100,2025-04-11 14:39:47
3284,BT EQUIPAMENTOS INDUSTRIAIS EIRELI,90.62,2025-04-14 00:00:00
3284,BT EQUIPAMENTOS INDUSTRIAIS EIRELI,88.12,2025-04-14 11:06:42
3284,BT EQUIPAMENTOS INDUSTRIAIS EIRELI,100,2025-04-24 15:05:04
3284,BT EQUIPAMENTOS INDUSTRIAIS EIRELI,82.5,2025-04-25 00:00:00
3284,BT EQUIPAMENTOS INDUSTRIAIS EIRELI,83.28,2025-04-30 00:00:00
18230,BUNKER SEGURANÇA E VIGILÂNCIA PATRIMONIAL EIRELI,100,2025-04-02 00:00:00
3303,BUNZL EQUIPAMENTOS PARA PROTECAO INDIVIDUAL LTDA,74.37,2025-04-16 08:47:06
3303,BUNZL EQUIPAMENTOS PARA PROTECAO INDIVIDUAL LTDA,91.25,2025-04-30 16:15:05
3755,BUNZL EQUIPAMENTOS PARA PROTECAO INDIVIDUAL LTDA,100,2025-04-30 14:24:29
3822,C G P COSTA DISTRIBUIDORA DE AGUA LTDA,90,2025-04-08 11:32:05
3822,C G P COSTA DISTRIBUIDORA DE AGUA LTDA,80,2025-04-16 00:00:00
3822,C G P COSTA DISTRIBUIDORA DE AGUA LTDA,93.75,2025-04-28 15:06:13
17016,C P LIRIO DOS SANTOS MATERIAIS PARA ESCRITORIO,100,2025-04-14 00:00:00
17016,C P LIRIO DOS SANTOS MATERIAIS PARA ESCRITORIO,93.75,2025-04-15 00:00:00
20961,C&C COMERCIO E SERVICOS DE MATERIAIS CONTRA INCENDIO LTDA,100,2025-04-30 00:00:00
15823,C.E. CENTRO DE APRENDIZAGEM E CRESCIMENTO PROFISSIONAL LTDA,10,2025-04-09 00:00:00
10828,CABEMA CABOS DE ACO LTDA.,78.12,2025-04-15 11:04:51
20267,CACTUS COMERCIO E SERVICO DE MATERIAL ELETRICO LTDA,100,2025-04-15 17:44:49
19248,CALMAR MANUTENCAO E COMERCIO DE MAQUINAS LTDA,98.75,2025-04-02 00:00:00
19248,CALMAR MANUTENCAO E COMERCIO DE MAQUINAS LTDA,100,2025-04-09 00:00:00
19248,CALMAR MANUTENCAO E COMERCIO DE MAQUINAS LTDA,100,2025-04-24 00:00:00
19248,CALMAR MANUTENCAO E COMERCIO DE MAQUINAS LTDA,100,2025-04-28 11:27:50
18907,CARLOS ALBERTO ARRUDA SALLES MARQUES E CIA LTDA,88.75,2025-04-30 00:00:00
15552,CARVALHO E SUASSUNA LTDA,100,2025-04-09 11:38:33
16207,CASA DO EPI DISTRIBUIDORA LTDA,100,2025-04-08 17:13:23
16207,CASA DO EPI DISTRIBUIDORA LTDA,100,2025-04-30 00:00:00
4760,CELPE,100,2025-04-28 00:00:00
4760,CELPE,100,2025-04-30 00:00:00
4659,CENCI & CIA LTDA,73.12,2025-04-14 11:30:54
17441,CENCI & CIA LTDA,74.37,2025-04-14 12:00:38
17441,CENCI & CIA LTDA,84.58333333333333,2025-04-30 00:00:00
17441,CENCI & CIA LTDA,80,2025-04-30 14:22:43
15560,CETEQ - METROLOGIA,100,2025-04-23 00:00:00
21114,CHAPIRES COMERCIO DE CHAS LTDA,100,2025-04-30 00:00:00
4637,CIAPE - CENTRO INTEGRADO DE APOIO PEDAGOGICO E EDUCACIONAL,10,2025-04-09 00:00:00
16591,CIL - COMERCIO DE INFORMATICA LTDA,100,2025-04-30 00:00:00
8419,CILAM COMERCIO DE MATERIAL DE PROTECAO LTDA,100,2025-04-28 08:48:53
3395,CIONA COMERCIO DE PNEUS LTDA,92.5,2025-04-08 11:40:55
15798,CLARO S.A.,90,2025-04-28 00:00:00
15798,CLARO S.A.,90,2025-04-29 00:00:00
15798,CLARO S.A.,90,2025-04-30 00:00:00
7586,CLARUS COMERCIO DE EPI'S E FERRAMENTAS LTDA,100,2025-04-15 16:34:07
7901,CLEAN-MIX PRODUTOS DE HIGIENE E LIMPEZA LTDA,78.12,2025-04-14 11:08:16
7901,CLEAN-MIX PRODUTOS DE HIGIENE E LIMPEZA LTDA,80,2025-04-15 08:49:08
7901,CLEAN-MIX PRODUTOS DE HIGIENE E LIMPEZA LTDA,80,2025-04-16 12:48:34
7901,CLEAN-MIX PRODUTOS DE HIGIENE E LIMPEZA LTDA,90.62,2025-04-29 09:22:09
7901,CLEAN-MIX PRODUTOS DE HIGIENE E LIMPEZA LTDA,78.75,2025-04-30 11:21:18
15582,CLIMEG - MEDICINA E SEGURANCA DO TRABALHO LTDA,100,2025-04-16 00:00:00
20101,CLIMOCE MEDICINA E SEGURANCA DO TRABALHO LTDA,100,2025-04-10 00:00:00
15802,CLIMOL CLINICA MEDICA OCUPACIONAL LTDA,90,2025-04-30 00:00:00
17069,CLINIPAM - CLINICA PARANAENSE DE ASSISTENCIA MEDICA LTDA,88.435,2025-04-30 00:00:00
7785,CLOMAC PARAFUSOS E FERRAMENTAS LTDA,100,2025-04-08 11:13:28
4934,COMERCIAL CANAL LTDA,100,2025-04-23 16:22:47
3952,COMERCIAL ELETRICA P.J.LTDA,68.75,2025-04-15 09:40:08
3952,COMERCIAL ELETRICA P.J.LTDA,70.62,2025-04-15 11:52:05
21135,COMERCIAL ELETRICA P.J.LTDA,86.25,2025-04-29 09:29:43
8232,COMERCIAL ELETRICA PJ LTDA.,73.75,2025-04-30 00:00:00
20904,COMERCIAL GERMANICA LIMITADA,100,2025-04-01 08:01:20
21115,COMERCIAL GERMANICA LIMITADA,100,2025-04-15 15:59:18
21115,COMERCIAL GERMANICA LIMITADA,100,2025-04-24 00:00:00
20730,COMERCIO DE LUBRIFICANTES NORD LTDA,97.5,2025-04-14 14:33:11
15763,COMPANHIA ARCLIMA DE ENGENHARIA SA,100,2025-04-10 00:00:00
15992,COMPANHIA ENERGETICA DO RIO GRANDE DO NORTE COSERN,100,2025-04-14 00:00:00
2968,COMPANHIA PERNAMBUCANA DE SANEAMENTO,100,2025-04-11 00:00:00
2968,COMPANHIA PERNAMBUCANA DE SANEAMENTO,100,2025-04-30 00:00:00
4004,CONCRECON CONCRETO E CONSTRUCOES LTDA,100,2025-04-14 00:00:00
17989,CONCRET MATERIAIS DE CONSTRUCAO LTDA,100,2025-04-15 13:39:09
4285,CONSTRUMAQ INDUSTRIA DE MAQUINAS E EQUIPAMENTOS LTDA,85,2025-04-30 00:00:00
7186,CONTATO SEGURO PREVENCAO DE RISCOS EMPRESARIAIS LTDA,98.12,2025-04-03 00:00:00
19651,CONTINENTAL FERRAMENTAS E EQUIPAMENTOS LTDA,90,2025-04-30 00:00:00
19651,CONTINENTAL FERRAMENTAS E EQUIPAMENTOS LTDA,88.75,2025-04-30 11:15:22
20414,CONTROLIBRA SOLUCOES EM PESAGENS LTDA,100,2025-04-30 00:00:00
3670,"CORAX INDUSTRIA, COMERCIO E SERVICOS DE MATERIAIS DE SEGURANCA EIRELI",88.75,2025-04-25 00:00:00
4548,"CORAX INDUSTRIA, COMERCIO E SERVICOS DE MATERIAIS DE SEGURANCA EIRELI",100,2025-04-25 12:22:04
4548,"CORAX INDUSTRIA, COMERCIO E SERVICOS DE MATERIAIS DE SEGURANCA EIRELI",88.75,2025-04-30 00:00:00
2814,COTIMA COMERCIO DE TINTAS MACAE LTDA,88.75,2025-04-29 09:16:01
3075,CPR PRODUTOS E SERVICOS OFFSHORE LTDA,60,2025-04-07 00:00:00
3075,CPR PRODUTOS E SERVICOS OFFSHORE LTDA,85.62,2025-04-17 11:34:09
20286,CPX DISTRIBUIDORA S/A,100,2025-04-29 16:02:16
17497,D E M EMPREENDIMENTOS LTDA,100,2025-04-14 15:48:07
17497,D E M EMPREENDIMENTOS LTDA,100,2025-04-30 00:00:00
2993,D KELLY OLIVE MARTINEZ,93.75,2025-04-29 00:00:00
21078,D L K COMERCIO VAREJISTA DE ALIMENTOS LTDA,100,2025-04-30 00:00:00
4534,D. S. FRANCA COMERCIO E SERVICOS,50,2025-04-02 00:00:00
4534,D. S. FRANCA COMERCIO E SERVICOS,80,2025-04-07 00:00:00
4534,D. S. FRANCA COMERCIO E SERVICOS,97.5,2025-04-08 00:00:00
18178,DAFEL LAGOS COMERCIO DE ACO E MAQUINAS LTDA,80,2025-04-24 11:04:13
18178,DAFEL LAGOS COMERCIO DE ACO E MAQUINAS LTDA,100,2025-04-25 00:00:00
7540,"DAFONTE VEICULOS, TRATORES, PECAS E SERVICOS LTDA",100,2025-04-14 10:25:34
16194,DANIEL TEIXEIRA DOS SANTOS,100,2025-04-07 00:00:00
3651,DELL COMPUTADORES DO BRASIL LTDA,100,2025-04-30 00:00:00
18181,DELU IMPORTACAO E COMERCIO ATACADISTA LTDA,80,2025-04-30 00:00:00
19495,DESTAQUE BRINDES PERSONALIZADOS LTDA,100,2025-04-14 18:44:13
7661,"DG CARRINHOS, RODIZIOS E RODAS EIRELI",75.62,2025-04-30 00:00:00
21048,DIGITO 10001 COMERCIO VAREJO E ATACADO DE ELETROELETRONICOS,100,2025-04-16 00:00:00
21048,DIGITO 10001 COMERCIO VAREJO E ATACADO DE ELETROELETRONICOS,100,2025-04-16 17:02:55
21048,DIGITO 10001 COMERCIO VAREJO E ATACADO DE ELETROELETRONICOS,100,2025-04-16 17:11:06
17382,DILMA DA M COSTA LTDA,88.75,2025-04-24 08:42:14
17382,DILMA DA M COSTA LTDA,80,2025-04-30 00:00:00
16962,DIMENSIONAL BRASIL SOLUCOES LTDA,100,2025-04-04 09:48:47
15708,DISMACON COMERCIO DE MATERIAIS DE CONSTRUCAO LTDA,100,2025-04-30 17:46:26
15708,DISMACON COMERCIO DE MATERIAIS DE CONSTRUCAO LTDA,100,2025-04-30 17:51:16
21075,DM BRASIL LTDA,80,2025-04-29 00:00:00
7874,DUTRA - PRODUTOS DE LIMPEZA E DESCARTAVEIS LTDA,100,2025-04-03 00:00:00
8473,DYNAMIC COMERCIO SERVICO E REPRESENTACAO LTDA,100,2025-04-02 00:00:00
4009,E M DE OLIVEIRA LABORATORIO DE METROLOGIA EIRELI,80,2025-04-08 00:00:00
4009,E M DE OLIVEIRA LABORATORIO DE METROLOGIA EIRELI,100,2025-04-25 00:00:00
4009,E M DE OLIVEIRA LABORATORIO DE METROLOGIA EIRELI,90,2025-04-30 00:00:00
4557,E. V. CAPAVERDE COMERCIO DE MATERIAL DE CONSTRUCAO,76.25,2025-04-15 10:09:07
4557,E. V. CAPAVERDE COMERCIO DE MATERIAL DE CONSTRUCAO,88.75,2025-04-30 00:00:00
17654,EAD PLATAFORMA TECNOLOGIA PARA EDUCACAO LTDA,100,2025-04-08 00:00:00
11104,EBAZAR.COM.BR. LTDA,100,2025-04-14 11:08:51
11104,EBAZAR.COM.BR. LTDA,100,2025-04-16 08:50:10
11104,EBAZAR.COM.BR. LTDA,84.37,2025-04-28 17:37:56
8452,ECCO AIR LOCACAO E COMERCIO DE EQUIPAMENTOS DE VENTILACAO LTDA,100,2025-04-30 00:00:00
11344,ECOPLAN SOLUCOES AMBIENTAIS EIRELI,97.5,2025-04-23 00:00:00
4229,EDMILSON JOSE DE LIMA JUNIOR,100,2025-04-02 00:00:00
20988,EDRIGELSON OTAVIO PIRES,96.25,2025-04-09 00:00:00
18027,ELX COMERCIO E MANUTENCAO DE MAQUINAS LTDA,100,2025-04-09 00:00:00
16179,"EMARES - AYROMAR INDUSTRIA, COMERCIO E SERVICOS MARITIMOS LTDA",100,2025-04-08 00:00:00
15927,EMPORIO CUBATAO LTDA,100,2025-04-17 00:00:00
2845,EMPRESA BRASILEIRA DE CORREIOS E TELEGRAFOS,97.5,2025-04-17 00:00:00
18070,ENCOPEL COM ROLAMENTOS E PEÇAS LTDA,100,2025-04-08 15:02:26
101,ENGEMAN MANUTENCAO DE EQUIPAMENTOS COM E INDUSTRIA LTDA,100,2025-04-29 11:14:05
101,ENGEMAN MANUTENCAO DE EQUIPAMENTOS COM E INDUSTRIA LTDA,100,2025-04-30 00:00:00
15933,EQUIPAMENTOS GULIN LTDA.,100,2025-04-17 16:46:49
16571,ESCRITA MOVEIS E EQUIPAMENTOS PARA ESCRITORIO LTDA,100,2025-04-30 00:00:00
2803,ESPERANCA NORDESTE LTDA,100,2025-04-07 08:54:01
2803,ESPERANCA NORDESTE LTDA,100,2025-04-07 10:31:37
2803,ESPERANCA NORDESTE LTDA,100,2025-04-07 16:36:35
2803,ESPERANCA NORDESTE LTDA,100,2025-04-15 00:00:00
2803,ESPERANCA NORDESTE LTDA,100,2025-04-28 12:51:07
2803,ESPERANCA NORDESTE LTDA,100,2025-04-28 15:39:55
2803,ESPERANCA NORDESTE LTDA,100,2025-04-29 14:04:51
3757,ESTAF EQUIPAMENTOS S/A,100,2025-04-02 00:00:00
21007,EVERTON ALEXANDRE DE A SILVA,100,2025-04-30 00:00:00
4461,EXPRESSO SOLUCOES DE ENGENHARIA LTDA,80,2025-04-07 00:00:00
20355,EXRAVEN TECNOLOGIA ELETRICA LTDA,100,2025-04-30 00:00:00
8118,EXTINTORES NORDESTE COMERCIO VAREJISTA LTDA,78.75,2025-04-15 00:00:00
20288,F A J AZEVEDO LTDA,100,2025-04-30 00:00:00
15873,F E DA SILVA TRANSPORTES,90.715,2025-04-10 00:00:00
16823,F H F DE LIMA LTDA,100,2025-04-16 16:57:22
4456,F. T. M. MECANICA DE PRECISAO LTDA,100,2025-04-15 00:00:00
4456,F. T. M. MECANICA DE PRECISAO LTDA,100,2025-04-30 00:00:00
16504,FACIL SUPRIMENTOS ELETRICOS MRO LTDA,100,2025-04-30 00:00:00
15546,FD SOLUÇÕES LTDA,97.5,2025-04-28 15:21:14
18163,FELIPE PINTO DE ARAUJO,100,2025-04-30 00:00:00
8395,FEMATIC SOLUCOES INDUSTRIAIS E USINAGEM LTDA,100,2025-04-03 00:00:00
4892,FERCOM INDUSTRIA E COMERCIO LTDA,100,2025-04-15 08:36:32
4892,FERCOM INDUSTRIA E COMERCIO LTDA,100,2025-04-15 08:39:53
4892,FERCOM INDUSTRIA E COMERCIO LTDA,100,2025-04-15 08:43:16
4892,FERCOM INDUSTRIA E COMERCIO LTDA,100,2025-04-15 08:45:56
4892,FERCOM INDUSTRIA E COMERCIO LTDA,100,2025-04-15 08:48:54
4892,FERCOM INDUSTRIA E COMERCIO LTDA,100,2025-04-15 08:52:16
4892,FERCOM INDUSTRIA E COMERCIO LTDA,100,2025-04-15 08:54:35
4892,FERCOM INDUSTRIA E COMERCIO LTDA,100,2025-04-30 00:00:00
4968,FERMEC COMERCIO DE FERRAMENTAS LTDA,96.25,2025-04-25 13:20:45
4968,FERMEC COMERCIO DE FERRAMENTAS LTDA,100,2025-04-30 15:50:29
2807,FERREIRA COSTA E CIA LTDA,100,2025-04-08 11:06:00
2807,FERREIRA COSTA E CIA LTDA,100,2025-04-29 15:14:36
20992,FLAGCOLOR COMERCIO INDUSTRIA E SERVICOS LTDA,78.75,2025-04-14 11:45:19
4687,FLASH TECNOLOGIA E PAGAMENTOS LTDA,100,2025-04-01 00:00:00
4687,FLASH TECNOLOGIA E PAGAMENTOS LTDA,100,2025-04-02 00:00:00
4687,FLASH TECNOLOGIA E PAGAMENTOS LTDA,100,2025-04-04 00:00:00
4687,FLASH TECNOLOGIA E PAGAMENTOS LTDA,10,2025-04-08 00:00:00
4687,FLASH TECNOLOGIA E PAGAMENTOS LTDA,100,2025-04-09 00:00:00
4687,FLASH TECNOLOGIA E PAGAMENTOS LTDA,98.75,2025-04-14 00:00:00
4687,FLASH TECNOLOGIA E PAGAMENTOS LTDA,100,2025-04-15 00:00:00
4687,FLASH TECNOLOGIA E PAGAMENTOS LTDA,100,2025-04-23 00:00:00
4687,FLASH TECNOLOGIA E PAGAMENTOS LTDA,100,2025-04-24 00:00:00
4687,FLASH TECNOLOGIA E PAGAMENTOS LTDA,100,2025-04-30 00:00:00
19412,FLEX E-COMMERCE BRASIL - COMERCIAL E REPRESENTACAO LTDA,100,2025-04-30 00:00:00
4199,FORTPEL COMERCIO DE DESCARTAVEIS LTDA,100,2025-04-11 13:06:12
4199,FORTPEL COMERCIO DE DESCARTAVEIS LTDA,100,2025-04-15 09:24:35
4199,FORTPEL COMERCIO DE DESCARTAVEIS LTDA,100,2025-04-16 10:54:18
4199,FORTPEL COMERCIO DE DESCARTAVEIS LTDA,100,2025-04-30 00:00:00
21116,FORTTEL COMERCIO ATACADISTA LTDA,100,2025-04-11 12:52:06
21116,FORTTEL COMERCIO ATACADISTA LTDA,100,2025-04-23 15:19:54
3693,FOS COMERCIO IMP E SERVICOS LTDA,86.87,2025-04-30 00:00:00
8343,FRANCA VIEIRA PRODUTOS E SERVICOS LTDA,95,2025-04-17 10:14:06
2976,FRIGELAR COMERCIO & DISTRIBUICAO S/A,100,2025-04-29 10:33:11
18293,FRIGELAR COMERCIO E INDUSTRIA LTDA,100,2025-04-29 13:48:49
19305,FRIGOSERVICE COMERCIO DE BEBIDAS LTDA,53.12,2025-04-28 15:16:58
17976,FRIPONTO EQUIPAMENTOS E SISTEMAS LTDA.,80,2025-04-07 00:00:00
15920,FUNDACAO DE PESQUISA E ASSESSORAMENTO A INDUSTRIA,100,2025-04-14 00:00:00
15920,FUNDACAO DE PESQUISA E ASSESSORAMENTO A INDUSTRIA,96.87,2025-04-15 00:00:00
21020,G B JUNIOR COMERCIAL DE VARIEDADES,80,2025-04-24 00:00:00
20413,GALPAO DA OBRA LOCADORA DE MAQUINAS E EQUIPAMENTOS LTDA,100,2025-04-07 00:00:00
20413,GALPAO DA OBRA LOCADORA DE MAQUINAS E EQUIPAMENTOS LTDA,9.5,2025-04-30 00:00:00
15656,GDSUL IMPORTAÇÃO INTELIGENTES LTDA,100,2025-04-07 11:12:31
15656,GDSUL IMPORTAÇÃO INTELIGENTES LTDA,100,2025-04-14 08:13:23
21006,GEN PARTS BRASIL SERVICOS E COMERCIO DE ARTEFATOS EM GERAL LTDA,100,2025-04-26 09:05:10
15869,GENERAL INSTRUMENTS ENGENHARIA REPRESENTACOES E COMERCIO LTDA,100,2025-04-08 00:00:00
21026,GENILTON BOEING,72.5,2025-04-28 15:55:50
21026,GENILTON BOEING,72.5,2025-04-28 16:00:37
19819,GERAMAN SOLUCOES METROLOGICAS LTDA,100,2025-04-04 00:00:00
18323,GESASUL FERRAMENTAS,100,2025-04-10 08:07:26
18323,GESASUL FERRAMENTAS,100,2025-04-16 13:04:02
8208,GLEISSON PRAZERES DA SILVA 07471298430,100,2025-04-30 00:00:00
3365,GLOBALTEC COMERCIO E EQUIPAMENTOS INDUSTRIAIS LTDA,88.75,2025-04-30 13:55:08
3365,GLOBALTEC COMERCIO E EQUIPAMENTOS INDUSTRIAIS LTDA,90,2025-04-30 14:00:40
3365,GLOBALTEC COMERCIO E EQUIPAMENTOS INDUSTRIAIS LTDA,90,2025-04-30 14:16:35
20229,GP IMPORTACAO E EXPORTACAO,100,2025-04-30 00:00:00
15818,GRACIELA SOANE FIGUEREDO ROCHA LIMA,100,2025-04-03 00:00:00
4190,GRAMATA MECANICA DE PRECISAO LTDA,81.43,2025-04-30 00:00:00
4190,GRAMATA MECANICA DE PRECISAO LTDA,80,2025-04-30 11:49:26
3771,GRANVILLE EQUIPAMENTOS DE SEGURANCA LTDA,100,2025-04-30 17:19:27
3112,GRAVILLE EQUIPAMENTOS DE SEGURANCA LTDA,100,2025-04-03 08:57:09
17984,GREEN PACKING TECHNOLOGY - SOLUCOES SUSTENTAVEIS,100,2025-04-30 00:00:00
7802,GREEN STAR QUIMICA LTDA,80,2025-04-02 09:57:18
7802,GREEN STAR QUIMICA LTDA,80,2025-04-10 11:17:01
7802,GREEN STAR QUIMICA LTDA,80,2025-04-10 11:31:13
7802,GREEN STAR QUIMICA LTDA,80,2025-04-17 10:57:31
7802,GREEN STAR QUIMICA LTDA,100,2025-04-17 15:10:30
7802,GREEN STAR QUIMICA LTDA,80,2025-04-28 11:37:17
21028,GREENCLEANER SERVICOS E COMERCIO DE PRODUTOS DE LIMPEZA LTDA,80,2025-04-24 00:00:00
16627,GTN TRANSPORTES E LOGISTICA LTDA,100,2025-04-24 00:00:00
3483,GURGELMIX MAQUINAS E FERRAMENTAS S/A-CAJAMAR,100,2025-04-25 08:34:42
2997,HAPVIDA ASSISTENCIA MEDICA LTDA,10,2025-04-11 00:00:00
18400,HD PARAFUSOS COMERCIO VAREJISTA LTDA,100,2025-04-07 15:01:02
18400,HD PARAFUSOS COMERCIO VAREJISTA LTDA,100,2025-04-17 09:44:05
20987,HIDRATEC COMERCIO DE MATERIAL OFFSHORE LTDA,92.5,2025-04-24 09:04:01
20708,HIDRAUMAK HIDRAULICA COMERCIO E REPRESENTACOES DE MAQUINAS LTDA,100,2025-04-01 07:13:15
19043,HILTI DO BRASIL COMERCIAL LTDA,100,2025-04-30 00:00:00
3478,HIPERTEK SISTEMAS PARA MOVIMENTACAO DE CARGAS LTDA,80,2025-04-30 00:00:00
21017,HIPPER FLUXOS SOLUCOES INDUSTRIAIS LTDA,80,2025-04-24 00:00:00
16322,HOERBIGER BRASIL LTDA,100,2025-04-30 00:00:00
3219,HOTEL E RESTAURANTE GOVERNADOR PLAGE LTDA,75,2025-04-07 00:00:00
20845,HOTEL IMPERIAL LTDA,100,2025-04-14 00:00:00
20845,HOTEL IMPERIAL LTDA,100,2025-04-15 00:00:00
18872,HOTEL INN HOUSE MACAE LTDA,96.25,2025-04-08 00:00:00
18872,HOTEL INN HOUSE MACAE LTDA,96.25,2025-04-09 00:00:00
18872,HOTEL INN HOUSE MACAE LTDA,97.5,2025-04-23 00:00:00
10989,HOTEL NOLASCO LTDA,80,2025-04-07 00:00:00
10989,HOTEL NOLASCO LTDA,100,2025-04-08 00:00:00
10989,HOTEL NOLASCO LTDA,100,2025-04-15 00:00:00
3921,HOTEL PORTUGAL LTDA,81.25,2025-04-16 00:00:00
3921,HOTEL PORTUGAL LTDA,100,2025-04-22 00:00:00
15822,HUBELAV SOLUCOES EM LAVANDERIA HOSPITALAR E INDUSTRIAL LTDA,90.62,2025-04-08 00:00:00
4183,HUGO CESAR JUREMA DA SILVA,100,2025-04-30 00:00:00
17993,ID SAFETY DO BRASIL LTDA,69.37,2025-04-09 15:06:56
17993,ID SAFETY DO BRASIL LTDA,82.5,2025-04-24 15:26:01
20705,IKEDA MAQUINAS LTDA,100,2025-04-30 00:00:00
4991,IMA EQUIPAMENTOS DE PROTECAO INDIVIDUAL LTDA,79.37,2025-04-17 11:55:18
4991,IMA EQUIPAMENTOS DE PROTECAO INDIVIDUAL LTDA,73.75,2025-04-24 11:44:35
4991,IMA EQUIPAMENTOS DE PROTECAO INDIVIDUAL LTDA,83.12,2025-04-24 11:53:26
4991,IMA EQUIPAMENTOS DE PROTECAO INDIVIDUAL LTDA,80,2025-04-25 00:00:00
4991,IMA EQUIPAMENTOS DE PROTECAO INDIVIDUAL LTDA,73.75,2025-04-28 11:27:38
4991,IMA EQUIPAMENTOS DE PROTECAO INDIVIDUAL LTDA,83.12,2025-04-30 00:00:00
16455,INDEPENDENCIA COMERCIAL LTDA,100,2025-04-17 13:26:28
8284,INOVACOES MECANICAS AVANCADAS ENGENHARIA LIMITADA,100,2025-04-01 00:00:00
8284,INOVACOES MECANICAS AVANCADAS ENGENHARIA LIMITADA,100,2025-04-15 00:00:00
8192,INOVARE COMERCIO DE MATERIAIS DE CONSTRUCAO LTDA,76.25,2025-04-24 11:38:02
20477,INSTITUTO DE CIENCIAS NAUTICAS ICN,88.12,2025-04-30 00:00:00
4324,INSTRUSUL COMERCIO E MANUTENCAO DE INSTRUMENTOS DE MEDICAO LTDA,100,2025-04-30 00:00:00
16425,IPE 360 II COMERCIO / BR SAFETY COM. DE EQUIPAMENTOS,100,2025-04-08 13:41:12
3110,IPH DO BRASIL COMERCIO E REPRESENTACOES LTDA,87.5,2025-04-25 00:00:00
3110,IPH DO BRASIL COMERCIO E REPRESENTACOES LTDA,90.715,2025-04-30 00:00:00
4964,IRSA ROLAMENTOS S/A,100,2025-04-07 14:42:54
4964,IRSA ROLAMENTOS S/A,100,2025-04-08 13:54:16
4964,IRSA ROLAMENTOS S/A,100,2025-04-23 00:00:00
4964,IRSA ROLAMENTOS S/A,100,2025-04-23 13:22:32
4964,IRSA ROLAMENTOS S/A,100,2025-04-28 00:00:00
4964,IRSA ROLAMENTOS S/A,100,2025-04-28 10:58:23
4964,IRSA ROLAMENTOS S/A,100,2025-04-28 11:03:30
4964,IRSA ROLAMENTOS S/A,100,2025-04-30 00:00:00
17405,ISA LOCACAO DE VEICULOS LTDA,100,2025-04-29 00:00:00
8136,J C OFFSHORE IMPORTAÇÃO,78.12,2025-04-15 11:21:41
19573,J K PREVIATTO CORTE E DOBRAS DE METAIS LTDA,80,2025-04-25 00:00:00
17216,J. BATISTA FREIRE,100,2025-04-30 00:00:00
4440,J. VICTOR TANGANELI DA ROCHA,100,2025-04-23 17:11:11
20592,J.S.L. HIDRAULICA E PNEUMATICA LTDA,100,2025-04-23 00:00:00
3069,JAGUAR MATERIAIS ELETRICOS LTDA,100,2025-04-30 15:55:25
15599,JATOBARRETTO CENTRO DE DISTRIBUICAO LTDA,100,2025-04-11 11:50:58
16265,JERONYMO DIXNEUF PECAS E SERVICOS LTDA,100,2025-04-30 00:00:00
2812,JEVIN COMERCIO E SERVICOS LTDA,100,2025-04-15 08:40:56
2812,JEVIN COMERCIO E SERVICOS LTDA,80,2025-04-16 08:59:59
2812,JEVIN COMERCIO E SERVICOS LTDA,100,2025-04-23 00:00:00
2812,JEVIN COMERCIO E SERVICOS LTDA,80,2025-04-30 00:00:00
4082,JEVINETWORK COMERCIO E SERVICOS LTDA,100,2025-04-23 00:00:00
4056,JJR TREINAMENTOS LTDA,97.5,2025-04-25 00:00:00
16629,JN SOARES REFRIGERACAO LTDA,100,2025-04-04 09:46:26
16629,JN SOARES REFRIGERACAO LTDA,100,2025-04-04 09:50:36
16629,JN SOARES REFRIGERACAO LTDA,100,2025-04-04 10:02:34
16629,JN SOARES REFRIGERACAO LTDA,100,2025-04-30 00:00:00
3843,JOELSON F. DOS SANTOS TELECOMUNICACOES,55,2025-04-15 00:00:00
21033,JOHNATHAN DE FREITAS LIMA,100,2025-04-26 08:59:24
18687,JP POUSADA LTDA,100,2025-04-08 00:00:00
16209,JR EQUIPAMENTOS COMERCIO E ATACADO LTDA,100,2025-04-14 19:18:53
16209,JR EQUIPAMENTOS COMERCIO E ATACADO LTDA,100,2025-04-25 15:22:45
20530,K. S. LAVANDERIA,100,2025-04-14 00:00:00
20530,K. S. LAVANDERIA,100,2025-04-17 00:00:00
7580,K.S.F DA SILVA - REPRESENTAÇOES - ME,78.12,2025-04-30 00:00:00
16707,K2 TELECOM E MULTIMIDIA LIMITADA,97.5,2025-04-30 00:00:00
18166,KAELVED INDUSTRIA E COMERCIO LTDA,100,2025-04-25 14:42:09
3204,KALUNGA COMERCIO INDUSTRIA GRAFICA LTDA,100,2025-04-30 00:00:00
3275,KALUNGA S/A,100,2025-04-30 00:00:00
8060,KALUNGA SA,100,2025-04-14 10:52:45
15630,KARLA B.BARRETO,100,2025-04-24 00:00:00
4970,KHEFREN DISTRIBUIDORA DE HIGIENE E DESCARTAVEIS LTDA.,100,2025-04-07 00:00:00
2910,KOFRE REPRESENTACAO E COMERCIO LTDA,100,2025-04-11 00:00:00
2910,KOFRE REPRESENTACAO E COMERCIO LTDA,100,2025-04-30 00:00:00
17301,L LUCAS PIRES VAREJISTA LTDA,100,2025-04-14 19:06:19
17301,L LUCAS PIRES VAREJISTA LTDA,100,2025-04-30 00:00:00
17301,L LUCAS PIRES VAREJISTA LTDA,100,2025-04-30 11:13:44
15681,L2 TRANSPORTES LOCACOES DE TURISMO LTDA,80,2025-04-30 00:00:00
4166,"LAAM OFFSHORE INDUSTRIA, COMERCIO E SERVICOS DE CABOS DE ACO LTDA",94.37,2025-04-30 00:00:00
2858,LABORATORIO DE ANALISES CLINICAS PIONNER LTDA,100,2025-04-23 00:00:00
17070,LAV CLEAN LAVANDERIA INDUSTRIAL LTDA,100,2025-04-15 00:00:00
21046,LAVAFACIL LAVANDERIA E PASSANDERIA LTDA,100,2025-04-30 00:00:00
5003,LAVANDERIA KHEOPS LTDA,100,2025-04-07 00:00:00
19358,LCT CONSULTORIA E TREINAMENTOS LTDA,88.75,2025-04-30 00:00:00
20910,LEAL DISTRIBUIDORA DE MATERIAL DE LIMPEZA E ESCRITORIO LTDA,100,2025-04-14 13:18:27
7617,LEAN TECNOLOGIA E ENGENHARIA LTDA,96.25,2025-04-23 00:00:00
18485,LECOM TECNOLOGIA S.A.,100,2025-04-02 00:00:00
17788,LEGNET SISTEMA DE GESTAO INTEGRADA LTDA,94.685,2025-04-15 00:00:00
20015,LENA EXPRESS TRANSPORTES LTDA,50,2025-04-14 00:00:00
20015,LENA EXPRESS TRANSPORTES LTDA,100,2025-04-16 00:00:00
20015,LENA EXPRESS TRANSPORTES LTDA,100,2025-04-30 00:00:00
2831,LEONIO RANULFO COMERCIO LTDA,98.75,2025-04-07 00:00:00
2831,LEONIO RANULFO COMERCIO LTDA,95.62,2025-04-07 11:11:15
2831,LEONIO RANULFO COMERCIO LTDA,100,2025-04-10 00:00:00
2831,LEONIO RANULFO COMERCIO LTDA,100,2025-04-14 00:00:00
2831,LEONIO RANULFO COMERCIO LTDA,100,2025-04-14 09:01:23
2831,LEONIO RANULFO COMERCIO LTDA,100,2025-04-30 00:00:00
8401,LETICIA DA SILVA SANTOS,97.5,2025-04-08 00:00:00
8401,LETICIA DA SILVA SANTOS,97.5,2025-04-09 00:00:00
8401,LETICIA DA SILVA SANTOS,95.45666666666666,2025-04-23 00:00:00
19922,LF PRODUTOS PNEUMÁTICOS E INSTRUMENTAÇÃO INDUSTRIAL,100,2025-04-25 16:07:52
4241,LIDER SAUDE AMBIENTAL LTDA,100,2025-04-01 00:00:00
4479,LIFTEC BRASIL SUPRIMENTOS INDUSTRIAIS LTDA,80,2025-04-30 11:44:50
21031,LILI E-COMMERCE LTDA,80,2025-04-25 00:00:00
21031,LILI E-COMMERCE LTDA,80,2025-04-30 00:00:00
17224,LINSELETRICA LTDA,100,2025-04-15 17:15:32
20475,LMB SUPRIMENTOS INDUSTRIAIS LTDA,72.5,2025-04-29 09:47:33
4961,LOCAMINAS COMERCIO DE FERRAMENTAS LTDA,100,2025-04-17 13:54:18
4961,LOCAMINAS COMERCIO DE FERRAMENTAS LTDA,100,2025-04-28 11:26:41
15531,LOCAMINAS LOCACAO DE MAQUINAS E EQUIPAMENTOS EIRELI,100,2025-04-30 00:00:00
16444,LOJA DA USINAGEM LTDA,100,2025-04-14 16:20:57
17245,LOJA DOS ROLAMENTOS LTDA,100,2025-04-03 00:00:00
17245,LOJA DOS ROLAMENTOS LTDA,100,2025-04-07 13:33:11
17245,LOJA DOS ROLAMENTOS LTDA,100,2025-04-14 00:00:00
17245,LOJA DOS ROLAMENTOS LTDA,100,2025-04-17 11:17:01
17245,LOJA DOS ROLAMENTOS LTDA,100,2025-04-25 00:00:00
17245,LOJA DOS ROLAMENTOS LTDA,100,2025-04-29 08:35:36
17245,LOJA DOS ROLAMENTOS LTDA,100,2025-04-29 08:41:51
17245,LOJA DOS ROLAMENTOS LTDA,100,2025-04-29 09:14:20
8242,LOW COST GERENCIAMENTO DE SERVICOS LTDA,100,2025-04-14 00:00:00
8242,LOW COST GERENCIAMENTO DE SERVICOS LTDA,100,2025-04-30 00:00:00
18416,LSS TRANSPORTES E SERVICOS,100,2025-04-30 00:00:00
20936,LUBPAR COMERCIO ATACADISTA DE LUBRIFICANTES LTDA,80,2025-04-16 14:08:54
8054,LUBRIN LUBRIFICACAO INDUSTRIAL LTDA,100,2025-04-28 00:00:00
21241,LUCIA SIMOES SEBBEN,100,2025-04-30 00:00:00
17136,LUCIANO ANDREI FELIPE LTDA,100,2025-04-10 14:31:17
17787,LUIS ANTONIO BARBOZA REFORMAS E EMENDAS DE CORREIA,100,2025-04-24 00:00:00
16709,LUIS GONZAGA DE SOUSA JUNIOR COMERCIAL,38.75,2025-04-29 00:00:00
16709,LUIS GONZAGA DE SOUSA JUNIOR COMERCIAL,32.58571428571428,2025-04-30 00:00:00
4422,LUITEX MAQUINAS E FERRAMENTAS LTDA,80,2025-04-30 00:00:00
16164,LUIZ RODRIGUES DA SILVA JUNIOR 08298808444,100,2025-04-24 00:00:00
2862,MAC ASSESSORIA E TREIN EMP LTDA,90,2025-04-29 00:00:00
18623,MACAE BATERIAS,94.37,2025-04-17 11:01:48
19578,MACAE USINAGEM E CALDEIRARIA LTDA,80,2025-04-30 00:00:00
16394,MAD CENTRO LTDA,100,2025-04-08 13:06:14
2825,MADEIRA OLIGRAN DE MACAE LTDA,80,2025-04-16 09:30:25
18253,MAGNA LOCACOES LTDA,100,2025-04-08 00:00:00
8287,MAIS GASES COMERCIO DE GASES LTDA,100,2025-04-08 13:47:24
8287,MAIS GASES COMERCIO DE GASES LTDA,100,2025-04-30 00:00:00
20270,MAISTOQUE PERBRAS LTDA,100,2025-04-04 14:37:38
20270,MAISTOQUE PERBRAS LTDA,100,2025-04-30 00:00:00
17679,MALAVAZI VEDACOES INDUSTRIAIS LTDA,100,2025-04-10 10:10:06
17679,MALAVAZI VEDACOES INDUSTRIAIS LTDA,100,2025-04-30 00:00:00
19405,MANALINK PROVEDOR DE INTERNET LTDA,100,2025-04-03 00:00:00
20007,MANOEL TITO DE MELO NETO LTDA,100,2025-04-16 00:00:00
20007,MANOEL TITO DE MELO NETO LTDA,100,2025-04-30 00:00:00
17753,MARCOM COMERCIO DE EPIS E FERRAMENTAS LTDA,100,2025-04-09 11:35:09
17753,MARCOM COMERCIO DE EPIS E FERRAMENTAS LTDA,100,2025-04-09 12:01:40
17753,MARCOM COMERCIO DE EPIS E FERRAMENTAS LTDA,100,2025-04-09 16:26:35
17753,MARCOM COMERCIO DE EPIS E FERRAMENTAS LTDA,100,2025-04-29 15:26:11
17753,MARCOM COMERCIO DE EPIS E FERRAMENTAS LTDA,75,2025-04-30 00:00:00
17753,MARCOM COMERCIO DE EPIS E FERRAMENTAS LTDA,100,2025-04-30 08:15:30
17753,MARCOM COMERCIO DE EPIS E FERRAMENTAS LTDA,70,2025-04-30 14:28:27
17753,MARCOM COMERCIO DE EPIS E FERRAMENTAS LTDA,58.18,2025-04-30 14:33:16
17981,MARCOS ALVES DA SILVA - FOTOGRAFIA,100,2025-04-04 00:00:00
17981,MARCOS ALVES DA SILVA - FOTOGRAFIA,100,2025-04-08 00:00:00
17981,MARCOS ALVES DA SILVA - FOTOGRAFIA,100,2025-04-15 00:00:00
18467,MARVIN LEO LEYVA NAVARRO 23561381880,80,2025-04-10 00:00:00
18467,MARVIN LEO LEYVA NAVARRO 23561381880,80,2025-04-16 00:00:00
16307,MASTER DA WEB DATACENTER LTDA,100,2025-04-01 00:00:00
16307,MASTER DA WEB DATACENTER LTDA,100,2025-04-28 00:00:00
20558,MASTERCAR SERVICE LTDA,100,2025-04-14 18:50:02
16086,MC MANUTENCAO INDUSTRIAL LTDA,100,2025-04-24 00:00:00
16086,MC MANUTENCAO INDUSTRIAL LTDA,100,2025-04-25 00:00:00
18745,MCF ANDRE LAMEIRA,86.25,2025-04-29 14:37:29
4052,MELVIN SOLUCOES EM SOFTWARE LTDA.,100,2025-04-15 00:00:00
17297,METAL TECNICA BOVENAU LTDA,80,2025-04-30 00:00:00
4967,MILLENNIUM VEDACOES LTDA,100,2025-04-09 13:29:55
4967,MILLENNIUM VEDACOES LTDA,100,2025-04-28 00:00:00
4967,MILLENNIUM VEDACOES LTDA,100,2025-04-30 00:00:00
19215,"MILLS LOCACAO, SERVICOS E LOGISTICA S.A.",100,2025-04-23 00:00:00
8569,MILVUS.COM LTDA,100,2025-04-03 00:00:00
21273,MODERNA SHOP LTDA,80,2025-04-30 00:00:00
16246,MONTAGENS PINTURAS E LOCACOES LTDA,100,2025-04-24 00:00:00
17333,MUNDIALTRACTOR COMERCIO IMPORTACAO E EXPORTACAO LTDA,100,2025-04-30 00:00:00
18048,MUNDIVOX NETWORKS LTDA,100,2025-04-04 00:00:00
3656,MUNDO DA AGUA COMERCIO DE PURIFICADORES LTDA,90,2025-04-28 14:26:37
8117,MVH GOMES COMERCIO DE RESTAURANTES E POUSADA,80.625,2025-04-08 00:00:00
8117,MVH GOMES COMERCIO DE RESTAURANTES E POUSADA,81.25,2025-04-29 00:00:00
3020,MVSS SERVICOS DE IMPLATACAO E MANUTENCAO LTDA,100,2025-04-04 00:00:00
8455,N DOS SANTOS SOARES MATERIAL DE CONSTRUCAO,100,2025-04-15 08:31:21
3531,N. J. PINTO LOPES,70,2025-04-16 12:58:01
3531,N. J. PINTO LOPES,80,2025-04-29 13:10:14
3531,N. J. PINTO LOPES,74.37,2025-04-29 13:12:56
3531,N. J. PINTO LOPES,74.37,2025-04-29 13:20:37
3531,N. J. PINTO LOPES,74.37,2025-04-29 14:09:32
7974,N7 SUPLEMENTOS ESPORTIVOS LTDA,100,2025-04-23 13:40:07
4971,NATHALIA MENEZES SILVA,100,2025-04-07 16:10:05
4971,NATHALIA MENEZES SILVA,100,2025-04-25 00:00:00
4971,NATHALIA MENEZES SILVA,90,2025-04-30 00:00:00
21173,NEBOLUZ COMERCIAL DE FERRAMENTAS LTDA,100,2025-04-30 00:00:00
3754,NEOBETEL EPI EQUIPAMENTOS DE PROTECAO INDIVIDUAL LTDA,100,2025-04-11 13:52:14
3754,NEOBETEL EPI EQUIPAMENTOS DE PROTECAO INDIVIDUAL LTDA,100,2025-04-14 07:40:26
3754,NEOBETEL EPI EQUIPAMENTOS DE PROTECAO INDIVIDUAL LTDA,100,2025-04-15 09:48:56
3754,NEOBETEL EPI EQUIPAMENTOS DE PROTECAO INDIVIDUAL LTDA,100,2025-04-15 10:00:04
3754,NEOBETEL EPI EQUIPAMENTOS DE PROTECAO INDIVIDUAL LTDA,100,2025-04-15 10:12:08
3754,NEOBETEL EPI EQUIPAMENTOS DE PROTECAO INDIVIDUAL LTDA,100,2025-04-23 13:20:57
3754,NEOBETEL EPI EQUIPAMENTOS DE PROTECAO INDIVIDUAL LTDA,100,2025-04-30 00:00:00
4259,"NEOBETEL EPI, EQUIPAMENTOS DE PROTECAO INDIVIDUAL LTDA",80,2025-04-14 10:58:46
4259,"NEOBETEL EPI, EQUIPAMENTOS DE PROTECAO INDIVIDUAL LTDA",80,2025-04-25 00:00:00
4259,"NEOBETEL EPI, EQUIPAMENTOS DE PROTECAO INDIVIDUAL LTDA",86.87,2025-04-30 00:00:00
15603,"NEOBETEL EPI, EQUIPAMENTOS DE PROTECAO INDIVIDUAL LTDA",100,2025-04-11 14:29:32
15603,"NEOBETEL EPI, EQUIPAMENTOS DE PROTECAO INDIVIDUAL LTDA",100,2025-04-30 00:00:00
16468,NIUTEC SOLUCOES EM SINALIZACAO LTDA,100,2025-04-30 00:00:00
19039,NIVEK LOGÍSTICA LTDA,80,2025-04-30 00:00:00
15691,NMQ COMERCIO DE MAQUINAS E EQUIPAMENTOS LTDA,100,2025-04-25 10:18:37
15691,NMQ COMERCIO DE MAQUINAS E EQUIPAMENTOS LTDA,100,2025-04-30 17:51:54
7818,NORPEM COMERCIAL LTDA,86.87,2025-04-03 13:02:50
7818,NORPEM COMERCIAL LTDA,100,2025-04-15 12:40:56
7910,NORTEL SUPRIMENTOS INDUSTRIAIS LTDA,100,2025-04-08 14:12:02
7910,NORTEL SUPRIMENTOS INDUSTRIAIS LTDA,100,2025-04-23 16:31:34
4544,NOSSA CLINICA MEDICA LTDA,100,2025-04-14 00:00:00
19086,NOVAMED MACAE LTDA,100,2025-04-17 17:22:58
8447,NOVO NORDESTE COMERCIO DE MATERIAIS DE CONSTRUCAO LTDA,100,2025-04-28 12:25:52
17281,NR PRO ENGENHARIA E COMERCIO LTDA,100,2025-04-02 10:35:53
17281,NR PRO ENGENHARIA E COMERCIO LTDA,100,2025-04-28 00:00:00
16009,NUTRI SERVIÇOS CEARA,39.56,2025-04-04 18:03:22
16009,NUTRI SERVIÇOS CEARA,27.5,2025-04-15 14:40:43
20923,OCEANIC CONTAINERS ALUGUEL DE EQUIPAMENTOS COMERCIAIS LTDA,100,2025-04-30 00:00:00
2875,ODONTOPREV S/A,89.37,2025-04-30 00:00:00
20162,OFICINA ARAUJO CUBATAO LTDA,100,2025-04-15 00:00:00
3865,ORGUEL INDUSTRIA E LOCACAO DE EQUIPAMENTOS S/A,95,2025-04-08 00:00:00
3865,ORGUEL INDUSTRIA E LOCACAO DE EQUIPAMENTOS S/A,100,2025-04-23 00:00:00
15773,OSCAR JESUINO SOLUCOES OCUPACIONAIS LTDA,97.5,2025-04-23 00:00:00
17105,PADARIA PAO BOM DE MACAE LTDA,97.5,2025-04-08 11:25:47
3773,PALMA PARAFUSOS E FERRAMENTAS LTDA,100,2025-04-04 10:40:07
3773,PALMA PARAFUSOS E FERRAMENTAS LTDA,100,2025-04-10 15:45:56
3773,PALMA PARAFUSOS E FERRAMENTAS LTDA,100,2025-04-28 14:46:42
3773,PALMA PARAFUSOS E FERRAMENTAS LTDA,100,2025-04-29 13:31:04
3773,PALMA PARAFUSOS E FERRAMENTAS LTDA,100,2025-04-30 18:48:38
3960,PALMA PARAFUSOS E FERRAMENTAS LTDA,100,2025-04-16 14:13:48
21029,PANTHER COMERCIO DE AUTO PECAS LTDA,80,2025-04-24 00:00:00
8072,PAPELARIA NATHALIE LTDA,100,2025-04-03 00:00:00
17024,PASHAL LOCADORA DE EQUIPAMENTOS LTDA,100,2025-04-24 00:00:00
20073,PATRICIA JARDIM BRAGA FREIRE 07129166363,100,2025-04-30 00:00:00
3933,PEDRAS EXPRESS LTDA,100,2025-04-30 00:00:00
18412,PELICAN PARTICIPACOES LTDA,100,2025-04-14 00:00:00
3243,PERFIL COMERCIO DE FORROS E DIVISORIAS LTDA,100,2025-04-30 00:00:00
4915,"PERNAMBUCO DISTRIBUIDORA ATACADISTA - EPI'S, INSUMOS INDUSTRIAIS & MRO LTDA",90.62,2025-04-28 12:13:35
4915,"PERNAMBUCO DISTRIBUIDORA ATACADISTA - EPI'S, INSUMOS INDUSTRIAIS & MRO LTDA",100,2025-04-30 00:00:00
4863,PETROLEO BRASILEIRO S A PETROBRAS,100,2025-04-28 15:54:45
4863,PETROLEO BRASILEIRO S A PETROBRAS,100,2025-04-28 16:49:41
4863,PETROLEO BRASILEIRO S A PETROBRAS,100,2025-04-30 00:00:00
15727,PETROLEO BRASILEIRO S A PETROBRAS,100,2025-04-28 08:48:11
15727,PETROLEO BRASILEIRO S A PETROBRAS,100,2025-04-28 08:57:43
3694,PETROSTAR COMBUSTIVEIS LTDA,100,2025-04-02 07:34:07
3694,PETROSTAR COMBUSTIVEIS LTDA,100,2025-04-09 15:16:22
3694,PETROSTAR COMBUSTIVEIS LTDA,100,2025-04-16 12:10:52
3694,PETROSTAR COMBUSTIVEIS LTDA,100,2025-04-28 07:15:34
3694,PETROSTAR COMBUSTIVEIS LTDA,100,2025-04-28 07:20:17
3694,PETROSTAR COMBUSTIVEIS LTDA,100,2025-04-30 13:17:20
20548,PETROVERA DERIVADOS DE PETROLEO LTDA,80,2025-04-24 11:00:25
20548,PETROVERA DERIVADOS DE PETROLEO LTDA,80,2025-04-24 11:01:17
8481,PINTO BARBOSA COMERCIO DE MADEIRAS E MATERIAIS DE CONSTRUCAO LTDA,100,2025-04-30 00:00:00
4969,PIVETA COMERCIO DE MAQUINAS E FERRAMENTAS PARA USINAGEM LTDA.,100,2025-04-30 00:00:00
17773,PLANO HOSPITAL SAMARITANO LTDA,10,2025-04-15 00:00:00
17773,PLANO HOSPITAL SAMARITANO LTDA,10,2025-04-16 00:00:00
7876,PLUS MED RECIFE SAUDE E SEGURANCA DO TRABALHO LTDA,86.87,2025-04-03 00:00:00
7876,PLUS MED RECIFE SAUDE E SEGURANCA DO TRABALHO LTDA,91.87,2025-04-04 00:00:00
7876,PLUS MED RECIFE SAUDE E SEGURANCA DO TRABALHO LTDA,91.87,2025-04-07 00:00:00
7876,PLUS MED RECIFE SAUDE E SEGURANCA DO TRABALHO LTDA,90.62,2025-04-08 00:00:00
7876,PLUS MED RECIFE SAUDE E SEGURANCA DO TRABALHO LTDA,85,2025-04-28 00:00:00
7349,PLUS MED SAUDE E SEGURANCA DO TRABALHO LTDA,90.62,2025-04-03 00:00:00
7349,PLUS MED SAUDE E SEGURANCA DO TRABALHO LTDA,100,2025-04-23 00:00:00
20514,POLARIX,100,2025-04-24 00:00:00
20514,POLARIX,100,2025-04-30 00:00:00
3968,POLONINI PRODUTOS E SERVICOS OFFSHORE LTDA,90,2025-04-16 00:00:00
3968,POLONINI PRODUTOS E SERVICOS OFFSHORE LTDA,86.87,2025-04-28 11:56:11
3968,POLONINI PRODUTOS E SERVICOS OFFSHORE LTDA,86.87,2025-04-29 09:02:42
3968,POLONINI PRODUTOS E SERVICOS OFFSHORE LTDA,77.185,2025-04-30 00:00:00
20889,POMPEU COMERCIO DE PNEUS LTDA,80,2025-04-25 00:00:00
3906,PONTOMAIS TECNOLOGIA S/A,95.62,2025-04-30 00:00:00
3030,PORTELA DISTRIBUIDORA LTDA,100,2025-04-08 08:58:21
3030,PORTELA DISTRIBUIDORA LTDA,6.93,2025-04-10 20:57:29
3030,PORTELA DISTRIBUIDORA LTDA,100,2025-04-15 15:39:16
3030,PORTELA DISTRIBUIDORA LTDA,100,2025-04-25 09:12:35
20876,PORTO TINTAS PROD OFFSHORE ABRAS E FERRAMETAS LTDA,78.12,2025-04-15 10:47:50
20876,PORTO TINTAS PROD OFFSHORE ABRAS E FERRAMETAS LTDA,88.75,2025-04-29 08:58:05
7900,PORTOFINO GESTAO DE RECURSOS LTDA,10,2025-04-23 00:00:00
7983,POSTO LAGOMAR DE MACAE LTDA,89.73,2025-04-30 00:00:00
18388,POUSADA MANZOLI MOTA LTDA,95.625,2025-04-10 00:00:00
17033,POUSADA MARICA E RESTAURANTE LTDA,91.25,2025-04-10 00:00:00
17033,POUSADA MARICA E RESTAURANTE LTDA,85,2025-04-10 09:19:51
18574,POUSADA MEU RANCHO LTDA,100,2025-04-14 00:00:00
18574,POUSADA MEU RANCHO LTDA,100,2025-04-30 00:00:00
20831,POUSADA SAO PEDRO DE MATAO LTDA,100,2025-04-08 00:00:00
20831,POUSADA SAO PEDRO DE MATAO LTDA,100,2025-04-24 00:00:00
20831,POUSADA SAO PEDRO DE MATAO LTDA,100,2025-04-25 00:00:00
15870,POWER COMERCIO DE EQUIPAMENTOS E MATERIAIS LTDA,100,2025-04-02 10:29:25
15870,POWER COMERCIO DE EQUIPAMENTOS E MATERIAIS LTDA,100,2025-04-15 17:59:24
3407,PROCUREMENT NEGOCIOS ELETRONICOS S/A,100,2025-04-23 00:00:00
3407,PROCUREMENT NEGOCIOS ELETRONICOS S/A,100,2025-04-29 00:00:00
2893,PRO-MAQUINAS DE MACAE EQUIPAMENTOS LTDA M.E,80,2025-04-25 00:00:00
2893,PRO-MAQUINAS DE MACAE EQUIPAMENTOS LTDA M.E,80,2025-04-30 00:00:00
15865,PROMEDIC PREVENCAO E ORIENTACAO MEDICA INDUSTRIAL E COMERCIAL LTDA,100,2025-04-09 00:00:00
6080,PROTEÇAO PUBLICAÇOES LTDA,100,2025-04-15 00:00:00
4322,PRUDENTIAL DO BRASIL VIDA EM GRUPO S/A,10,2025-04-16 00:00:00
17657,PSA - PRODUTOS SIDERURGICOS ALIANÇA LTDA,95.465,2025-04-30 00:00:00
16927,QR ESPACO DE NEGOCIOS E SERVICOS LTDA,100,2025-04-24 00:00:00
3742,QUALIAGUA LABORATORIO E CONSULTORIA LTDA,100,2025-04-03 00:00:00
3742,QUALIAGUA LABORATORIO E CONSULTORIA LTDA,100,2025-04-14 00:00:00
17467,QUALIAIR SERVICOS ESPECIALIZADOS LTDA,100,2025-04-16 00:00:00
16754,R SIMIONI INDUSTRIA E COMERCIO LTDA,100,2025-04-10 17:04:06
8245,R.S. DE SOUZA,100,2025-04-28 00:00:00
21025,RA MARTINS BORGES & NEGOCIOS LTDA,80,2025-04-16 14:03:00
20246,RADICAL BRASIL EXPRESS LTDA,100,2025-04-30 00:00:00
8315,RCQ MACAE INSPECAO E COMERCIO LTDA,100,2025-04-15 00:00:00
3723,RCS COMERCIO E SERVICOS DE SOLDA LTDA,93.75,2025-04-23 00:00:00
9695,REDIESEL RECIFE AUTODIESEL LTDA,100,2025-04-14 08:28:58
2841,RELYON NUTEC BRASIL TREINAMENTOS LTDA,93.75,2025-04-30 00:00:00
2977,RENASCER MERCANTIL FERRAGISTA LTDA,100,2025-04-07 08:43:14
2977,RENASCER MERCANTIL FERRAGISTA LTDA,100,2025-04-30 00:00:00
4077,RENAVI ENGENHARIA LTDA,100,2025-04-08 00:00:00
21100,RESISPAR COMERCIO DE MATERIAIS ELETRICOS LTDA,81.43,2025-04-30 00:00:00
3055,RESSEG DISTRIBUIDORA LTDA,100,2025-04-02 16:31:17
3055,RESSEG DISTRIBUIDORA LTDA,100,2025-04-03 12:03:45
3055,RESSEG DISTRIBUIDORA LTDA,100,2025-04-04 00:00:00
3055,RESSEG DISTRIBUIDORA LTDA,92.5,2025-04-04 15:07:23
3055,RESSEG DISTRIBUIDORA LTDA,100,2025-04-07 09:40:59
3055,RESSEG DISTRIBUIDORA LTDA,94.37,2025-04-08 13:51:56
3055,RESSEG DISTRIBUIDORA LTDA,88.75,2025-04-08 14:29:30
3055,RESSEG DISTRIBUIDORA LTDA,100,2025-04-14 00:00:00
3055,RESSEG DISTRIBUIDORA LTDA,94.37,2025-04-16 10:04:18
3055,RESSEG DISTRIBUIDORA LTDA,100,2025-04-16 12:58:04
3055,RESSEG DISTRIBUIDORA LTDA,100,2025-04-24 10:03:23
3055,RESSEG DISTRIBUIDORA LTDA,100,2025-04-28 12:46:50
3055,RESSEG DISTRIBUIDORA LTDA,98.12,2025-04-28 13:00:36
3055,RESSEG DISTRIBUIDORA LTDA,100,2025-04-28 14:40:50
3055,RESSEG DISTRIBUIDORA LTDA,100,2025-04-30 00:00:00
3055,RESSEG DISTRIBUIDORA LTDA,100,2025-04-30 16:16:15
8053,RETSAM-BALANCEAMENTO ASSESSORIA E SERVICOS LTDA,100,2025-04-24 00:00:00
20959,REVESTEEL,100,2025-04-15 00:00:00
16180,RHGESTOR LTDA,94.37,2025-04-29 00:00:00
18527,RIBALTA HOTELARIA E TURISMO LTDA,100,2025-04-14 15:31:16
18527,RIBALTA HOTELARIA E TURISMO LTDA,100,2025-04-15 00:00:00
19453,RL NEW PRODUTOS E EQUIPAMENTOS PARA LABORATÓRIOS LTDA.,100,2025-04-23 14:13:31
16149,ROBERTO ALVES DE CARVALHO 01450598714,80,2025-04-07 00:00:00
16921,RODOGARCIA TRANSPORTES RODOVIARIOS,89.37,2025-04-23 00:00:00
17345,RODOGARCIA TRANSPORTES RODOVIARIOS LTDA,100,2025-04-10 00:00:00
17987,RODOGARCIA TRANSPORTES RODOVIARIOS LTDA,100,2025-04-11 00:00:00
17987,RODOGARCIA TRANSPORTES RODOVIARIOS LTDA,100,2025-04-24 00:00:00
16594,ROMA ROLAMENTOS LTDA,100,2025-04-30 00:00:00
16034,ROYAL OCEAN PALACE HOTEL LTDA,97.5,2025-04-30 00:00:00
16034,ROYAL OCEAN PALACE HOTEL LTDA,97.5,2025-04-30 09:34:23
7967,RRP SERVICOS TECNICOS LTDA,97.5,2025-04-08 00:00:00
7967,RRP SERVICOS TECNICOS LTDA,100,2025-04-29 00:00:00
2904,RT-LEA LOCACAO DE EQUIPAMENTO & ANDAIMES LTDA,100,2025-04-23 00:00:00
17182,RVB COMERCIO E SERVICOS EM EQUIPAMENTOS DE COMBATE A INCENDIO LTDA,100,2025-04-11 00:00:00
17182,RVB COMERCIO E SERVICOS EM EQUIPAMENTOS DE COMBATE A INCENDIO LTDA,100,2025-04-14 00:00:00
21134,S.A MEGA STORE LTDA,90,2025-04-30 00:00:00
21023,SAGA COMERCIO & IMPORTACAO LTDA,80,2025-04-23 19:11:45
16593,SAINT LAND COMERCIO DE VEICULOS LTDA,100,2025-04-04 00:00:00
16593,SAINT LAND COMERCIO DE VEICULOS LTDA,100,2025-04-07 00:00:00
16593,SAINT LAND COMERCIO DE VEICULOS LTDA,100,2025-04-07 14:52:26
18822,SAIONARA HOTEL,68.12,2025-04-08 00:00:00
18822,SAIONARA HOTEL,68.12,2025-04-09 00:00:00
21235,SALOME CAVALCANTI MEIRELES,100,2025-04-30 00:00:00
21030,SAYMON GOMES DA SILVA 36588634803,80,2025-04-30 00:00:00
18875,SEBASTIAO F. DO CABO,92.5,2025-04-23 00:00:00
17354,SEGMED MEDICINA OCUPACIONAL E ASSOCIADOS LTDA,100,2025-04-14 00:00:00
19133,SELVA BRASIL TREINAMENTO E CONSULTORIA,100,2025-04-14 00:00:00
19133,SELVA BRASIL TREINAMENTO E CONSULTORIA,97.5,2025-04-30 00:00:00
3962,SENIOR SISTEMAS S/A,100,2025-04-30 00:00:00
2500,SÊNIOR SISTEMAS S/A,98.125,2025-04-03 00:00:00
2500,SÊNIOR SISTEMAS S/A,100,2025-04-30 00:00:00
18051,SERVICO NACIONAL DE APRENDIZAGEM INDUSTRIAL,100,2025-04-11 00:00:00
10503,SETIN MAN SERVIÇOS TEC DE INSTRUMENTACAO  E MANUTENCAO LTDA,97.5,2025-04-08 00:00:00
18696,SHEILA GUARDANAPOS ESPECIAIS,100,2025-04-25 07:59:15
8607,SHERWIN-WILLIAMS DO BRASIL INDUSTRIA E COMERCIO LTDA.,100,2025-04-30 00:00:00
20849,SHS DISTRIBUIDORA LTDA,80,2025-04-24 11:11:54
18186,SISTEMA OESTE DE COMUNICACAO LTDA,100,2025-04-30 00:00:00
3032,SMART TOUR AG TURISMO LTDA,92.5,2025-04-08 00:00:00
3032,SMART TOUR AG TURISMO LTDA,100,2025-04-14 00:00:00
3788,SMCORP TREINAMENTOS E CONSULTORIA LTDA,100,2025-04-14 00:00:00
3788,SMCORP TREINAMENTOS E CONSULTORIA LTDA,88.75,2025-04-24 00:00:00
3788,SMCORP TREINAMENTOS E CONSULTORIA LTDA,75,2025-04-30 00:00:00
3671,SOLDAGASES COM. DE SOLDA E GASES LTDA ME,80,2025-04-10 13:34:15
3671,SOLDAGASES COM. DE SOLDA E GASES LTDA ME,90,2025-04-14 10:57:38
3671,SOLDAGASES COM. DE SOLDA E GASES LTDA ME,90,2025-04-15 11:32:21
3671,SOLDAGASES COM. DE SOLDA E GASES LTDA ME,90,2025-04-30 00:00:00
3671,SOLDAGASES COM. DE SOLDA E GASES LTDA ME,80,2025-04-30 17:27:36
3713,SOLDALIDER LOCACAO E MANUTENCAO DE MAQUINAS LTDA,100,2025-04-23 00:00:00
3713,SOLDALIDER LOCACAO E MANUTENCAO DE MAQUINAS LTDA,100,2025-04-28 00:00:00
16603,SOMATEX COMERCIAL LTDA,100,2025-04-17 18:26:59
16597,SOPETRA ROLAMENTOS E PECAS LTDA,100,2025-04-08 15:32:31
16597,SOPETRA ROLAMENTOS E PECAS LTDA,100,2025-04-11 10:22:37
16597,SOPETRA ROLAMENTOS E PECAS LTDA,100,2025-04-11 10:28:29
16597,SOPETRA ROLAMENTOS E PECAS LTDA,100,2025-04-11 10:34:34
16597,SOPETRA ROLAMENTOS E PECAS LTDA,100,2025-04-11 10:41:23
16597,SOPETRA ROLAMENTOS E PECAS LTDA,100,2025-04-15 00:00:00
16597,SOPETRA ROLAMENTOS E PECAS LTDA,100,2025-04-23 13:53:42
16597,SOPETRA ROLAMENTOS E PECAS LTDA,100,2025-04-23 14:47:52
16597,SOPETRA ROLAMENTOS E PECAS LTDA,100,2025-04-30 00:00:00
4569,SP EQUIPAMENTOS DE PROTECAO AO TRABALHO E MRO LTDA,100,2025-04-10 16:35:16
4569,SP EQUIPAMENTOS DE PROTECAO AO TRABALHO E MRO LTDA,100,2025-04-16 12:53:58
4569,SP EQUIPAMENTOS DE PROTECAO AO TRABALHO E MRO LTDA,100,2025-04-16 12:55:14
4569,SP EQUIPAMENTOS DE PROTECAO AO TRABALHO E MRO LTDA,91.87,2025-04-24 09:45:17
19327,SPG COMERCIO DE GASES LTDA,100,2025-04-16 00:00:00
17713,STEELCAMP USINAGEM E SERVICOS LTDA,100,2025-04-23 00:00:00
20965,SUA CASA MATERIAIS DE CONSTRUCAO LTDA,100,2025-04-14 11:59:59
21223,SUBWAY SOM E ACESSÓRIOS,100,2025-04-29 14:37:02
19891,"SUL, SUDESTE LOGISTICA E TRANSPORTES LTDA",80,2025-04-15 00:00:00
19891,"SUL, SUDESTE LOGISTICA E TRANSPORTES LTDA",58.31,2025-04-30 00:00:00
17437,SUPERACAO AGUA E TRANSPORTES LTDA,100,2025-04-07 08:40:55
17437,SUPERACAO AGUA E TRANSPORTES LTDA,100,2025-04-07 09:27:48
4909,T. P. OLIVEIRA DA SILVA - COMERCIO DE AUTO PECAS,100,2025-04-29 08:53:32
15612,TACIANE P S DE ALMEIDA FERRAGENS LTDA,95.62,2025-04-15 14:38:13
15612,TACIANE P S DE ALMEIDA FERRAGENS LTDA,100,2025-04-30 00:00:00
21099,TAPCAMP COMERCIO VAREJISTA DE LUBRIFICANTES LTDA,100,2025-04-17 10:38:06
21099,TAPCAMP COMERCIO VAREJISTA DE LUBRIFICANTES LTDA,100,2025-04-17 11:04:04
21099,TAPCAMP COMERCIO VAREJISTA DE LUBRIFICANTES LTDA,100,2025-04-17 11:05:56
17607,TARSIANA DUTRA SEAFARERS ASSESSORIA COMERCIAL LTDA,90,2025-04-30 00:00:00
3622,TD SYNNEX BRASIL LTDA,100,2025-04-04 00:00:00
3622,TD SYNNEX BRASIL LTDA,100,2025-04-23 00:00:00
21072,TECHNO SPACE COMERCIO DE PRODUTOS TECNOLOGICOS LTDA,100,2025-04-10 10:25:53
21072,TECHNO SPACE COMERCIO DE PRODUTOS TECNOLOGICOS LTDA,100,2025-04-28 08:10:27
19791,TECLAB OIL LTDA,100,2025-04-30 00:00:00
7636,TECNOPONTO TECNOLOGIA AVANCADA EM CONTROLE DE PONTO E ACESSO LTDA,100,2025-04-09 00:00:00
17090,TEDEA INSTRUMENTACAO E METROLOGIA LTDA,100,2025-04-29 00:00:00
4145,TELEFONICA BRASIL S/A,86.87,2025-04-11 00:00:00
20853,TH COMERCIO ELETRONICO LTDA,90,2025-04-30 00:00:00
21038,TITANIUMLAB,96.25,2025-04-30 00:00:00
16026,TOALHEIRO SANTA BARBARA LTDA,76.25,2025-04-30 00:00:00
20448,TOLENTINO COMUNICACOES RP LTDA,100,2025-04-17 13:46:06
15555,TOP TREINAMENTOS E SERVIÇOS LTDA,100,2025-04-29 00:00:00
15555,TOP TREINAMENTOS E SERVIÇOS LTDA,100,2025-04-30 00:00:00
16924,TOP UNIFORMES LTDA,100,2025-04-07 15:23:10
16924,TOP UNIFORMES LTDA,100,2025-04-10 08:57:42
18165,TOPVEDA COMERCIO DE VEDACOES LTDA,100,2025-04-15 10:42:22
17327,TORBER USINAGEM MECANICA LTDA,100,2025-04-09 00:00:00
16820,TORQUE MAQUINAS E EQUIPAMENTOS LTDA,100,2025-04-30 00:00:00
19467,TRACKPLUS RASTREAMENTO DE VEICULOS LTDA,100,2025-04-08 00:00:00
4913,TRANSBEZERRA LTDA,100,2025-04-03 00:00:00
4913,TRANSBEZERRA LTDA,100,2025-04-30 00:00:00
15903,TRANSPORTE COLETIVO SAN REMO LTDA,100,2025-04-03 00:00:00
15903,TRANSPORTE COLETIVO SAN REMO LTDA,100,2025-04-07 00:00:00
15903,TRANSPORTE COLETIVO SAN REMO LTDA,100,2025-04-30 00:00:00
17076,TRANSPORTES BORDIGNON LTDA,100,2025-04-11 00:00:00
5508,TRATOR FREIO E FRICCAO LTDA,100,2025-04-28 00:00:00
5508,TRATOR FREIO E FRICCAO LTDA,100,2025-04-30 00:00:00
15610,TRIDAN SOLUCOES ELETRICAS LTDA,80,2025-04-03 15:50:48
17958,TRISKLE SERVICE LTDA,100,2025-04-24 00:00:00
20504,TRIUNFO EQUIPAMENTOS PARA CONSTRUCAO CIVIL LTDA,80,2025-04-30 00:00:00
2615,"TSE TRANSPORTES,LOCACOES E EQUIPAMENTOS EIRELI",80,2025-04-15 00:00:00
2615,"TSE TRANSPORTES,LOCACOES E EQUIPAMENTOS EIRELI",80,2025-04-16 00:00:00
2615,"TSE TRANSPORTES,LOCACOES E EQUIPAMENTOS EIRELI",90,2025-04-17 00:00:00
2615,"TSE TRANSPORTES,LOCACOES E EQUIPAMENTOS EIRELI",100,2025-04-23 00:00:00
2615,"TSE TRANSPORTES,LOCACOES E EQUIPAMENTOS EIRELI",100,2025-04-24 00:00:00
2615,"TSE TRANSPORTES,LOCACOES E EQUIPAMENTOS EIRELI",90,2025-04-30 00:00:00
20650,TUDO NA MAO,100,2025-04-15 12:22:22
20175,TUKA RENTAL - LOCACAO DE MAQUINAS E EQUIPAMENTOS LTDA,100,2025-04-09 00:00:00
8356,TUPAN CONSTRUCOES LTDA,100,2025-04-10 09:09:41
4939,TUV NORD BRASIL AVALIACOES DA QUALIDADE LTDA,92.81,2025-04-24 00:00:00
16004,UBS CARGO EXPRESS TRANSPORTE E LOGISTICA LTDA,100,2025-04-08 00:00:00
15828,UNIMED DE MACAE COOPERATIVA DE ASSISTENCIA A SAUDE,10,2025-04-11 00:00:00
15828,UNIMED DE MACAE COOPERATIVA DE ASSISTENCIA A SAUDE,98.12,2025-04-30 00:00:00
15827,UNIMED DE SANTOS COOPERATIVA DE TRABALHO MEDICO,10,2025-04-07 00:00:00
15827,UNIMED DE SANTOS COOPERATIVA DE TRABALHO MEDICO,100,2025-04-30 00:00:00
16323,UNIMED DO EST R J FEDERACAO EST DAS COOPERATIVAS MED,8.18,2025-04-11 00:00:00
16323,UNIMED DO EST R J FEDERACAO EST DAS COOPERATIVAS MED,72.5,2025-04-30 00:00:00
16821,V L COMERCIO ATACADISTA DE MERCADORIAS EM GERAL LTDA.,100,2025-04-30 00:00:00
21080,V N RODRIGUES LTDA,100,2025-04-10 00:00:00
15748,V.A PINT LOCACOES SERVICOS E PINTURA LTDA,100,2025-04-16 00:00:00
3851,VCI BRASIL INDUSTRIA E COMERCIO DE EMBALAGENS LTDA,100,2025-04-14 10:36:34
7848,VEDAMARES COMERCIO E EXPORTACAO DE ACESSORIOS INDUSTRIAIS LTDA,100,2025-04-30 00:00:00
7857,VEDASAN VEDACOES SANTISTA LTDA,100,2025-04-08 07:51:51
3812,VELAMAR COMERCIO DE PRODUTOS NAUTICOS EIRELI,100,2025-04-30 00:00:00
15584,VERA LUCIA DA SILVA DOS ANJOS,100,2025-04-09 00:00:00
3335,VIFERRO FERRAMENTAS E FERRAGENS LTDA (FILIAL MACAE),100,2025-04-28 09:19:26
16914,VITORIA PRAIA HOTEL LTDA,53.12,2025-04-28 00:00:00
16914,VITORIA PRAIA HOTEL LTDA,58.12,2025-04-30 00:00:00
15558,VIVOS TROCAO,100,2025-04-08 10:41:06
15558,VIVOS TROCAO,100,2025-04-24 13:41:02
21064,VME CASA E CONSTRUCAO LTDA,80,2025-04-25 00:00:00
17241,"VOGA COMERCIO E REPRESENTACOES DE CORREIAS, MANGUEIRAS E ROLAMENTOS LTDA.",100,2025-04-09 11:32:51
17241,"VOGA COMERCIO E REPRESENTACOES DE CORREIAS, MANGUEIRAS E ROLAMENTOS LTDA.",100,2025-04-11 09:39:22
17241,"VOGA COMERCIO E REPRESENTACOES DE CORREIAS, MANGUEIRAS E ROLAMENTOS LTDA.",100,2025-04-11 13:14:22
17241,"VOGA COMERCIO E REPRESENTACOES DE CORREIAS, MANGUEIRAS E ROLAMENTOS LTDA.",100,2025-04-15 00:00:00
17241,"VOGA COMERCIO E REPRESENTACOES DE CORREIAS, MANGUEIRAS E ROLAMENTOS LTDA.",100,2025-04-15 11:29:00
17241,"VOGA COMERCIO E REPRESENTACOES DE CORREIAS, MANGUEIRAS E ROLAMENTOS LTDA.",100,2025-04-15 11:32:31
17241,"VOGA COMERCIO E REPRESENTACOES DE CORREIAS, MANGUEIRAS E ROLAMENTOS LTDA.",100,2025-04-23 14:34:10
17241,"VOGA COMERCIO E REPRESENTACOES DE CORREIAS, MANGUEIRAS E ROLAMENTOS LTDA.",100,2025-04-30 15:49:37
16043,VR BENEFICIOS E SERVICOS DE PROCESSAMENTO S.A,10,2025-04-07 00:00:00
16043,VR BENEFICIOS E SERVICOS DE PROCESSAMENTO S.A,10,2025-04-10 00:00:00
16043,VR BENEFICIOS E SERVICOS DE PROCESSAMENTO S.A,10,2025-04-11 00:00:00
16595,W. R. FERNANDES LTDA,100,2025-04-30 00:00:00
21002,WANDERLEY FIALHO PRIMO,100,2025-04-16 13:32:23
8042,WEST GROUP TREINAMENTOS DO BRASIL LTDA,96.25,2025-04-23 00:00:00
17842,WHITE MARTINS GASES INDUSTRIAIS LTDA,100,2025-04-23 14:16:05
7986,WHITE MARTINS SP,100,2025-04-24 00:00:00
7986,WHITE MARTINS SP,100,2025-04-29 00:00:00
8163,ZAP IND. COM. DE EQUIPAMENTOS PARA CONSTRUCAO LTDA,100,2025-04-03 00:00:00
4648,ZAPSIGN PROCESSAMENTO DE DADOS LTDA,100,2025-04-28 00:00:00
4945,ZION SUPRIMENTOS OFFSHORE E ONSHORE LTDA,90,2025-04-24 00:00:00
4945,ZION SUPRIMENTOS OFFSHORE E ONSHORE LTDA,80,2025-04-29 12:16:33
4945,ZION SUPRIMENTOS OFFSHORE E ONSHORE LTDA,72.655,2025-04-30 00:00:00
20969,ZLOCCOWICK E CIA LTDA,100,2025-04-28 00:00:00
